CEmail,Name,BirthDate,PhoneNumber,Password,BuildingName,Number,Street,City,Country,Postcode
melanieedwards@example.org,Tina Rich,1996-10-07,(231)580-8556x791,*GA9ISWm@#,and Sons,,Hancock Rapid,North Joshua,Wallis and Futuna,57491
dgreen@example.com,Alexander Goodwin,1990-10-05,320.390.6033x4004,db9YDfbXf^,,008,Scott Meadow,New Christopherton,Czech Republic,53438
fdavis@example.org,Mark Carter,1947-06-03,598.722.6151x494,I3QrGmXo!V,Inc,,Heather Glen,South Anthony,Nigeria,94636
ehernandez@example.net,Timothy Kelly,1949-02-14,915-392-8476,7D#k0CLhIa,,70980,Lindsay Ferry,West Joseph,Cambodia,95513
jennifermyers@example.com,Erika Cox,1960-06-13,(980)471-3326x10330,AQ1JBDp2#J,and Sons,,White Trafficway,South Dennisborough,Saint Kitts and Nevis,80255
tina11@example.net,Denise Gutierrez,1959-04-22,874-232-7862x648,#s9ZBlhSbW,Group,,Jill Club,Matthewhaven,Micronesia,98139
qhernandez@example.com,James Malone,1959-08-31,(513)314-2437,(C3EBNsrl_,and Sons,,Martin Meadow,East Stephenmouth,North Macedonia,07483
uharper@example.net,Jeanne Greer,1956-04-29,7056555714,(m_1N+o)Kf,PLC,,Michael Light,North Paula,Korea,82255
larsontheresa@example.org,Pamela Andersen,1977-04-07,5709797253,VS0KekhmP$,and Sons,,Roger Hills,Andrewborough,Iceland,60237
hperkins@example.com,Timothy Gardner,1953-03-02,(280)960-8801,uv%*AiNT!5,LLC,,Danielle Hill,South Kevinhaven,Trinidad and Tobago,00930
tduncan@example.net,Julie Wright,1965-07-27,(328)517-3265x33424,_WACJrFn1L,PLC,,Jacqueline Coves,East Jeffrey,New Caledonia,62099
webbjustin@example.com,Tiffany Alvarez,1978-06-15,+1-801-689-9953x787,kC6%Sm4%O&,Group,,Jennifer Summit,Lake Stephaniestad,Saint Kitts and Nevis,75095
susanbeard@example.net,John Clements,1955-05-25,546.986.8446,sxm0YTZs8+,,6850,Kimberly Branch,East Karabury,Japan,60593
daniel65@example.net,Ashley Santos,1946-05-23,001-949-911-9330x07789,_9RxFPmXom,Group,,Ponce Cliffs,Lambertland,Germany,73207
lgraham@example.net,Joshua Lynch,1980-07-04,539-634-7784,z@2SyQCY$9,PLC,,Corey Neck,Lake Cheyennefort,Afghanistan,65783
steven82@example.net,Jason Perkins,1992-06-12,+1-987-969-3464x80472,+4ZOiF5aB#,Ltd,,Melissa Neck,Markfort,Eritrea,93590
njimenez@example.net,Charles Snyder,1989-01-16,+1-826-825-4448x133,+0(Gpy#nLH,and Sons,,Ross Estates,Hallland,Timor-Leste,24127
amysmith@example.com,Joseph Braun,1962-07-04,623.831.9534,J_w77Qnm%5,Group,,Madison Vista,Port Tina,Czech Republic,68383
kevin51@example.org,Kevin Tran,1948-07-20,001-873-362-0998,*+p*1KaEy7,,01761,Carter Expressway,Lake Mariaburgh,United States Virgin Islands,17898
walkerbrianna@example.com,William Brown,1995-11-06,7287718590,zp3YuOY(6%,,56424,Gabriel Vista,Jenniferside,Mauritania,07173
