PaymentId,CEmail
36,melanieedwards@example.org
32,dgreen@example.com
37,fdavis@example.org
25,ehernandez@example.net
21,jennifermyers@example.com
35,tina11@example.net
30,qhernandez@example.com
27,uharper@example.net
38,larsontheresa@example.org
31,hperkins@example.com
24,tduncan@example.net
22,webbjustin@example.com
33,susanbeard@example.net
39,daniel65@example.net
26,lgraham@example.net
23,steven82@example.net
34,njimenez@example.net
28,amysmith@example.com
29,kevin51@example.org
40,walkerbrianna@example.com
